name,occupation
Liam,Teacher
Emma,Nurse
Noah,Engineer
Olivia,Sales Representative
William,Software Developer
Ava,Accountant
James,Customer Service Representative
Isabella,Marketing Specialist
Oliver,Administrative Assistant
Sophia,Construction Worker
Benjamin,Doctor
Mia,Chef
Lucas,Retail Sales Associate
Amelia,Data Analyst
Henry,Graphic Designer
Charlotte,Driver 
Elijah,Security Guard
Harper,Web Developer
Alexander,Pharmacist
Evelyn,Electrician
Daniel,Mechanic
Abigail,Warehouse Worker
Matthew,Human Resources Specialist
Ella,Scientist 
Michael,Researcher
Scarlett,Social Worker
Jackson,Real Estate Agent
Grace,Veterinarian
Aiden,Journalist
Chloe,Financial Analyst
Samuel,Plumber
Zoey,Waiter
David,Housekeeper
Luna,IT Support Specialist
Joseph,Fashion Designer
Sofia,Project Manager
Gabriel,Welder
Aria,Occupational Therapist
Isaac,Marketing Manager
Nora,Consultant
Carter,Biomedical Engineer
Madison,Architect
Anthony,Online Content Creator
Riley,SEO Specialist
Ryan,Insurance Agent
Layla,Physical Therapist
Dylan,Event Planner
Mila,Veterinary Technician
Leo,Database Administrator
Avery,Baker
